{
  "epoch1": {
    "control": 0.617,
    "ablation": {
      "all": [
        0.33925,
        0.37875,
        0.5625,
        0.58925,
        0.597,
        0.6125,
        0.62575,
        0.62575,
        0.62725,
        0.514
      ],
      "query": [
        0.38875,
        0.608,
        0.6145,
        0.6235,
        0.6175,
        0.6175,
        0.619,
        0.61725,
        0.61775,
        0.61725
      ],
      "key": [
        0.36125,
        0.614,
        0.62625,
        0.6205,
        0.62475,
        0.617,
        0.622,
        0.61825,
        0.6185,
        0.618
      ],
      "value": [
        0.357,
        0.61,
        0.61525,
        0.62,
        0.6145,
        0.6195,
        0.6245,
        0.62375,
        0.6255,
        0.621
      ],
      "output": [
        0.39475,
        0.61075,
        0.61825,
        0.621,
        0.6165,
        0.61625,
        0.61675,
        0.61625,
        0.6185,
        0.618
      ],
      "ffn": [
        0.36,
        0.47425,
        0.596,
        0.6125,
        0.61175,
        0.62125,
        0.6265,
        0.6245,
        0.61825,
        0.497
      ]
    }
  },
  "epoch2": {
    "control": 0.6565,
    "ablation": {
      "all": [
        0.36025,
        0.37475,
        0.57625,
        0.611,
        0.63225,
        0.65525,
        0.6565,
        0.66675,
        0.66625,
        0.59575
      ],
      "query": [
        0.3905,
        0.63075,
        0.6535,
        0.657,
        0.65525,
        0.6555,
        0.65775,
        0.6575,
        0.6545,
        0.65425
      ],
      "key": [
        0.35875,
        0.635,
        0.6525,
        0.6555,
        0.65975,
        0.6585,
        0.65625,
        0.6555,
        0.65675,
        0.656
      ],
      "value": [
        0.31225,
        0.6485,
        0.65625,
        0.65775,
        0.66075,
        0.6595,
        0.6615,
        0.66075,
        0.6605,
        0.6555
      ],
      "output": [
        0.4195,
        0.64725,
        0.6475,
        0.65725,
        0.65925,
        0.659,
        0.6555,
        0.654,
        0.655,
        0.65525
      ],
      "ffn": [
        0.36,
        0.5175,
        0.632,
        0.64925,
        0.65675,
        0.6635,
        0.6595,
        0.662,
        0.661,
        0.56625
      ]
    }
  },
  "epoch3": {
    "control": 0.669,
    "ablation": {
      "all": [
        0.3595,
        0.3695,
        0.55575,
        0.601,
        0.6315,
        0.6695,
        0.67025,
        0.67975,
        0.67625,
        0.627
      ],
      "query": [
        0.37175,
        0.63425,
        0.65325,
        0.66275,
        0.66775,
        0.668,
        0.669,
        0.67,
        0.67,
        0.665
      ],
      "key": [
        0.36,
        0.626,
        0.65675,
        0.664,
        0.665,
        0.6695,
        0.66875,
        0.667,
        0.6685,
        0.66775
      ],
      "value": [
        0.31125,
        0.65325,
        0.66375,
        0.66625,
        0.6645,
        0.6695,
        0.674,
        0.675,
        0.67725,
        0.6715
      ],
      "output": [
        0.4135,
        0.662,
        0.65225,
        0.661,
        0.665,
        0.66,
        0.66625,
        0.6655,
        0.6705,
        0.668
      ],
      "ffn": [
        0.36,
        0.51625,
        0.6355,
        0.658,
        0.67075,
        0.67525,
        0.67225,
        0.67625,
        0.6715,
        0.6165
      ]
    }
  },
  "epoch10": {
    "control": 0.6895,
    "ablation": {
      "all": [
        0.31175,
        0.374,
        0.5775,
        0.6385,
        0.657,
        0.67975,
        0.6905,
        0.70075,
        0.6915,
        0.66875
      ],
      "query": [
        0.3715,
        0.64725,
        0.684,
        0.6935,
        0.6925,
        0.694,
        0.69575,
        0.69475,
        0.691,
        0.69
      ],
      "key": [
        0.36075,
        0.65225,
        0.6875,
        0.69125,
        0.69425,
        0.69325,
        0.69275,
        0.69225,
        0.6925,
        0.69075
      ],
      "value": [
        0.31075,
        0.6845,
        0.69575,
        0.69575,
        0.697,
        0.68875,
        0.69275,
        0.69375,
        0.6925,
        0.692
      ],
      "output": [
        0.4645,
        0.69025,
        0.6875,
        0.693,
        0.69575,
        0.69025,
        0.68825,
        0.691,
        0.69325,
        0.6915
      ],
      "ffn": [
        0.36,
        0.5265,
        0.651,
        0.66775,
        0.6835,
        0.69075,
        0.69675,
        0.69725,
        0.68925,
        0.67175
      ]
    }
  }
}