{
  "epoch1": {
    "control": 0.6035,
    "ablation": {
      "0-3": [
        0.3535,
        0.59775,
        0.606,
        0.60675,
        0.61275,
        0.612,
        0.61225,
        0.6045,
        0.60925,
        0.55425
      ],
      "4-7": [
        0.31475,
        0.60075,
        0.604,
        0.61225,
        0.61175,
        0.6095,
        0.6075,
        0.6085,
        0.60975,
        0.6165
      ],
      "8-11": [
        0.37275,
        0.60525,
        0.6045,
        0.60225,
        0.607,
        0.605,
        0.60325,
        0.6025,
        0.602,
        0.60475
      ]
    }
  },
  "epoch2": {
    "control": 0.64975,
    "ablation": {
      "0-3": [
        0.36425,
        0.6405,
        0.65625,
        0.65625,
        0.656,
        0.64825,
        0.6565,
        0.653,
        0.64825,
        0.59675
      ],
      "4-7": [
        0.31825,
        0.63325,
        0.654,
        0.654,
        0.65125,
        0.65375,
        0.65275,
        0.64975,
        0.65175,
        0.65275
      ],
      "8-11": [
        0.3675,
        0.647,
        0.642,
        0.648,
        0.649,
        0.64875,
        0.649,
        0.64525,
        0.64825,
        0.63775
      ]
    }
  },
  "epoch3": {
    "control": 0.661,
    "ablation": {
      "0-3": [
        0.36625,
        0.66075,
        0.665,
        0.66925,
        0.6725,
        0.668,
        0.6705,
        0.66825,
        0.66625,
        0.62375
      ],
      "4-7": [
        0.33125,
        0.63375,
        0.669,
        0.663,
        0.6705,
        0.66825,
        0.6645,
        0.6605,
        0.66275,
        0.661
      ],
      "8-11": [
        0.3675,
        0.65375,
        0.65625,
        0.659,
        0.661,
        0.66,
        0.6625,
        0.66175,
        0.6555,
        0.6525
      ]
    }
  },
  "epoch10": {
    "control": 0.67875,
    "ablation": {
      "0-3": [
        0.34925,
        0.6605,
        0.68,
        0.6785,
        0.6855,
        0.68575,
        0.68725,
        0.68175,
        0.6795,
        0.6775
      ],
      "4-7": [
        0.31375,
        0.65375,
        0.67575,
        0.67125,
        0.6815,
        0.6775,
        0.68025,
        0.6815,
        0.6835,
        0.68325
      ],
      "8-11": [
        0.4195,
        0.66825,
        0.66975,
        0.679,
        0.6785,
        0.68375,
        0.67475,
        0.679,
        0.6755,
        0.67075
      ]
    }
  }
}