{
  "epoch1": {
    "control": 0.81925,
    "ablation": {
      "all": [
        0.494,
        0.506,
        0.58325,
        0.643,
        0.70575,
        0.76225,
        0.76725,
        0.7985,
        0.79975,
        0.6415
      ],
      "query": [
        0.506,
        0.809,
        0.80925,
        0.817,
        0.81975,
        0.81625,
        0.817,
        0.812,
        0.817,
        0.82025
      ],
      "key": [
        0.50675,
        0.7865,
        0.8125,
        0.81,
        0.8105,
        0.81725,
        0.81725,
        0.819,
        0.81675,
        0.8185
      ],
      "value": [
        0.506,
        0.812,
        0.809,
        0.8105,
        0.8135,
        0.813,
        0.8115,
        0.81275,
        0.81,
        0.81325
      ],
      "output": [
        0.506,
        0.7885,
        0.8165,
        0.8105,
        0.816,
        0.81825,
        0.81525,
        0.81925,
        0.81825,
        0.81875
      ],
      "ffn": [
        0.494,
        0.58075,
        0.673,
        0.737,
        0.76175,
        0.79125,
        0.801,
        0.80925,
        0.81225,
        0.625
      ]
    }
  },
  "epoch2": {
    "control": 0.82075,
    "ablation": {
      "all": [
        0.494,
        0.5075,
        0.60525,
        0.69775,
        0.76825,
        0.79825,
        0.8115,
        0.81975,
        0.82325,
        0.7135
      ],
      "query": [
        0.506,
        0.81125,
        0.8205,
        0.8195,
        0.82125,
        0.8225,
        0.821,
        0.82,
        0.82125,
        0.82175
      ],
      "key": [
        0.513,
        0.796,
        0.81675,
        0.816,
        0.8225,
        0.81975,
        0.82075,
        0.82,
        0.82075,
        0.8215
      ],
      "value": [
        0.506,
        0.81925,
        0.81525,
        0.8215,
        0.81975,
        0.81875,
        0.82,
        0.818,
        0.8205,
        0.82
      ],
      "output": [
        0.53325,
        0.80375,
        0.8205,
        0.817,
        0.819,
        0.82175,
        0.821,
        0.8205,
        0.82,
        0.82075
      ],
      "ffn": [
        0.494,
        0.645,
        0.733,
        0.78275,
        0.80675,
        0.8155,
        0.82675,
        0.8245,
        0.82475,
        0.696
      ]
    }
  },
  "epoch3": {
    "control": 0.8185,
    "ablation": {
      "all": [
        0.494,
        0.502,
        0.60725,
        0.71,
        0.77525,
        0.7985,
        0.81475,
        0.82075,
        0.8225,
        0.74775
      ],
      "query": [
        0.50975,
        0.805,
        0.815,
        0.82025,
        0.8195,
        0.818,
        0.82,
        0.819,
        0.82025,
        0.81975
      ],
      "key": [
        0.52975,
        0.7835,
        0.8145,
        0.8175,
        0.81925,
        0.8205,
        0.81925,
        0.81925,
        0.8185,
        0.81825
      ],
      "value": [
        0.50625,
        0.8185,
        0.8155,
        0.8165,
        0.81675,
        0.8165,
        0.81725,
        0.81575,
        0.8195,
        0.8175
      ],
      "output": [
        0.64175,
        0.8,
        0.8135,
        0.814,
        0.81775,
        0.81975,
        0.8195,
        0.81875,
        0.8175,
        0.819
      ],
      "ffn": [
        0.494,
        0.65575,
        0.74525,
        0.78375,
        0.8095,
        0.82,
        0.82025,
        0.82375,
        0.82425,
        0.73775
      ]
    }
  },
  "epoch10": {
    "control": 0.82575,
    "ablation": {
      "all": [
        0.494,
        0.497,
        0.62875,
        0.7115,
        0.769,
        0.791,
        0.8055,
        0.815,
        0.818,
        0.8305
      ],
      "query": [
        0.52775,
        0.79275,
        0.81125,
        0.81675,
        0.824,
        0.81875,
        0.82425,
        0.823,
        0.8235,
        0.824
      ],
      "key": [
        0.51,
        0.77275,
        0.8075,
        0.81025,
        0.81725,
        0.8195,
        0.82425,
        0.82375,
        0.8245,
        0.825
      ],
      "value": [
        0.50725,
        0.81225,
        0.816,
        0.82,
        0.82075,
        0.8225,
        0.8205,
        0.823,
        0.824,
        0.823
      ],
      "output": [
        0.5765,
        0.79925,
        0.8155,
        0.819,
        0.8205,
        0.822,
        0.82275,
        0.82575,
        0.8255,
        0.82575
      ],
      "ffn": [
        0.494,
        0.63375,
        0.7525,
        0.78425,
        0.80475,
        0.812,
        0.81375,
        0.81875,
        0.82225,
        0.82725
      ]
    }
  }
}