{
  "epoch1": {
    "control": 0.82325,
    "ablation": {
      "0-3": [
        0.502,
        0.72625,
        0.76675,
        0.771,
        0.79525,
        0.8095,
        0.8155,
        0.818,
        0.8175,
        0.8235
      ],
      "4-7": [
        0.51675,
        0.7785,
        0.80475,
        0.812,
        0.813,
        0.8095,
        0.81875,
        0.8165,
        0.819,
        0.805
      ],
      "8-11": [
        0.49875,
        0.81,
        0.80875,
        0.818,
        0.818,
        0.8235,
        0.8225,
        0.8285,
        0.8255,
        0.826
      ]
    }
  },
  "epoch2": {
    "control": 0.82825,
    "ablation": {
      "0-3": [
        0.50125,
        0.78625,
        0.808,
        0.81225,
        0.82775,
        0.8325,
        0.8315,
        0.8285,
        0.8285,
        0.82975
      ],
      "4-7": [
        0.50025,
        0.80425,
        0.8265,
        0.82925,
        0.8265,
        0.8265,
        0.8315,
        0.82575,
        0.82875,
        0.8245
      ],
      "8-11": [
        0.49875,
        0.8235,
        0.823,
        0.823,
        0.8265,
        0.82975,
        0.82625,
        0.8315,
        0.8285,
        0.83275
      ]
    }
  },
  "epoch3": {
    "control": 0.8235,
    "ablation": {
      "0-3": [
        0.48875,
        0.7965,
        0.81325,
        0.8215,
        0.827,
        0.8305,
        0.82575,
        0.82625,
        0.82525,
        0.82775
      ],
      "4-7": [
        0.49875,
        0.79975,
        0.82025,
        0.82325,
        0.8265,
        0.82675,
        0.83,
        0.82375,
        0.826,
        0.81975
      ],
      "8-11": [
        0.49925,
        0.82575,
        0.82025,
        0.827,
        0.8275,
        0.827,
        0.82525,
        0.8275,
        0.8295,
        0.82725
      ]
    }
  },
  "epoch10": {
    "control": 0.83375,
    "ablation": {
      "0-3": [
        0.49825,
        0.77925,
        0.79775,
        0.81275,
        0.82475,
        0.82875,
        0.83175,
        0.8315,
        0.82975,
        0.83325
      ],
      "4-7": [
        0.49875,
        0.793,
        0.82325,
        0.8265,
        0.82225,
        0.82525,
        0.82875,
        0.8245,
        0.83225,
        0.81925
      ],
      "8-11": [
        0.49925,
        0.8275,
        0.829,
        0.8255,
        0.83,
        0.83,
        0.829,
        0.838,
        0.8345,
        0.8395
      ]
    }
  }
}