{
  "epoch1": {
    "control": 0.76,
    "ablation": {
      "0-3": [
        0.63175,
        0.74925,
        0.758,
        0.75525,
        0.75825,
        0.75975,
        0.75875,
        0.75825,
        0.758,
        0.7315
      ],
      "4-7": [
        0.63175,
        0.755,
        0.75375,
        0.75875,
        0.76025,
        0.7565,
        0.75775,
        0.76,
        0.762,
        0.76375
      ],
      "8-11": [
        0.4085,
        0.75275,
        0.75775,
        0.759,
        0.75725,
        0.757,
        0.756,
        0.75775,
        0.761,
        0.75275
      ]
    }
  },
  "epoch2": {
    "control": 0.776,
    "ablation": {
      "0-3": [
        0.63175,
        0.76975,
        0.773,
        0.77425,
        0.773,
        0.7755,
        0.77825,
        0.7725,
        0.7765,
        0.7615
      ],
      "4-7": [
        0.63175,
        0.77225,
        0.767,
        0.775,
        0.77425,
        0.7735,
        0.7725,
        0.77975,
        0.77525,
        0.779
      ],
      "8-11": [
        0.3685,
        0.766,
        0.768,
        0.76975,
        0.7725,
        0.7715,
        0.772,
        0.77125,
        0.77475,
        0.76375
      ]
    }
  },
  "epoch3": {
    "control": 0.7805,
    "ablation": {
      "0-3": [
        0.63175,
        0.773,
        0.77875,
        0.78,
        0.77675,
        0.77775,
        0.77725,
        0.78,
        0.776,
        0.76375
      ],
      "4-7": [
        0.63175,
        0.76825,
        0.76925,
        0.77825,
        0.77325,
        0.7785,
        0.778,
        0.7775,
        0.781,
        0.7745
      ],
      "8-11": [
        0.36825,
        0.76875,
        0.76225,
        0.774,
        0.77375,
        0.77525,
        0.7765,
        0.78,
        0.78375,
        0.77225
      ]
    }
  },
  "epoch10": {
    "control": 0.78025,
    "ablation": {
      "0-3": [
        0.6315,
        0.7775,
        0.77925,
        0.7775,
        0.78,
        0.78025,
        0.7815,
        0.78075,
        0.7775,
        0.7815
      ],
      "4-7": [
        0.63425,
        0.77675,
        0.77475,
        0.7795,
        0.78,
        0.77975,
        0.77625,
        0.77875,
        0.77625,
        0.7715
      ],
      "8-11": [
        0.36825,
        0.774,
        0.766,
        0.77425,
        0.77725,
        0.77225,
        0.77325,
        0.78125,
        0.78325,
        0.7825
      ]
    }
  }
}