{
  "epoch1": {
    "control": 0.76,
    "ablation": {
      "all": [
        0.36375,
        0.635,
        0.732,
        0.75,
        0.74925,
        0.756,
        0.74625,
        0.7555,
        0.75825,
        0.64075
      ],
      "query": [
        0.63625,
        0.74175,
        0.7595,
        0.763,
        0.76,
        0.76125,
        0.76125,
        0.76025,
        0.76125,
        0.75975
      ],
      "key": [
        0.63625,
        0.74975,
        0.76175,
        0.7605,
        0.76275,
        0.7635,
        0.76025,
        0.76025,
        0.75975,
        0.76075
      ],
      "value": [
        0.63625,
        0.7475,
        0.7525,
        0.7545,
        0.75525,
        0.757,
        0.7555,
        0.75925,
        0.75725,
        0.757
      ],
      "output": [
        0.63625,
        0.749,
        0.75875,
        0.75625,
        0.75525,
        0.757,
        0.75825,
        0.75625,
        0.758,
        0.76
      ],
      "ffn": [
        0.36375,
        0.72725,
        0.7435,
        0.7525,
        0.7545,
        0.75675,
        0.7535,
        0.7585,
        0.764,
        0.6395
      ]
    }
  },
  "epoch2": {
    "control": 0.78,
    "ablation": {
      "all": [
        0.36375,
        0.66425,
        0.6995,
        0.7565,
        0.761,
        0.76475,
        0.77275,
        0.7765,
        0.78,
        0.691
      ],
      "query": [
        0.63625,
        0.76625,
        0.78025,
        0.77775,
        0.78175,
        0.7825,
        0.78175,
        0.781,
        0.7825,
        0.78075
      ],
      "key": [
        0.63625,
        0.7725,
        0.77575,
        0.777,
        0.783,
        0.78375,
        0.78025,
        0.78125,
        0.78075,
        0.78025
      ],
      "value": [
        0.63625,
        0.76375,
        0.77125,
        0.77375,
        0.77675,
        0.77875,
        0.77975,
        0.78075,
        0.781,
        0.77825
      ],
      "output": [
        0.63625,
        0.76375,
        0.77525,
        0.77625,
        0.77475,
        0.7795,
        0.7785,
        0.7795,
        0.77975,
        0.7795
      ],
      "ffn": [
        0.36375,
        0.73325,
        0.75125,
        0.77175,
        0.77175,
        0.76875,
        0.77825,
        0.77575,
        0.78125,
        0.67975
      ]
    }
  },
  "epoch3": {
    "control": 0.7875,
    "ablation": {
      "all": [
        0.36375,
        0.62225,
        0.648,
        0.74825,
        0.761,
        0.764,
        0.77225,
        0.7775,
        0.7885,
        0.745
      ],
      "query": [
        0.641,
        0.7695,
        0.781,
        0.784,
        0.7875,
        0.7875,
        0.789,
        0.7875,
        0.7875,
        0.78825
      ],
      "key": [
        0.64375,
        0.76875,
        0.77875,
        0.784,
        0.78875,
        0.787,
        0.7865,
        0.7875,
        0.78775,
        0.7885
      ],
      "value": [
        0.63625,
        0.76625,
        0.77625,
        0.78075,
        0.78425,
        0.78275,
        0.787,
        0.78725,
        0.78775,
        0.78975
      ],
      "output": [
        0.63625,
        0.7605,
        0.7775,
        0.78325,
        0.7795,
        0.78625,
        0.783,
        0.789,
        0.7875,
        0.78825
      ],
      "ffn": [
        0.36375,
        0.71625,
        0.74325,
        0.77025,
        0.775,
        0.7715,
        0.781,
        0.77775,
        0.789,
        0.734
      ]
    }
  },
  "epoch10": {
    "control": 0.78625,
    "ablation": {
      "all": [
        0.36375,
        0.54825,
        0.6495,
        0.75375,
        0.76125,
        0.7635,
        0.77325,
        0.77975,
        0.78025,
        0.78175
      ],
      "query": [
        0.638,
        0.771,
        0.7765,
        0.78475,
        0.7845,
        0.7845,
        0.7855,
        0.78875,
        0.788,
        0.78625
      ],
      "key": [
        0.63775,
        0.7695,
        0.779,
        0.78425,
        0.788,
        0.7855,
        0.788,
        0.788,
        0.787,
        0.787
      ],
      "value": [
        0.63625,
        0.767,
        0.778,
        0.7825,
        0.78125,
        0.783,
        0.7835,
        0.78375,
        0.7865,
        0.787
      ],
      "output": [
        0.64025,
        0.7635,
        0.77575,
        0.78175,
        0.77825,
        0.78675,
        0.786,
        0.7855,
        0.78575,
        0.7865
      ],
      "ffn": [
        0.36375,
        0.73225,
        0.7535,
        0.78075,
        0.77675,
        0.7735,
        0.78075,
        0.77575,
        0.7825,
        0.77475
      ]
    }
  }
}