{
  "epoch1": {
    "control": 0.631768953068592,
    "ablation": {
      "all": [
        0.5270758122743683,
        0.4729241877256318,
        0.48014440433212996,
        0.5523465703971119,
        0.5812274368231047,
        0.592057761732852,
        0.628158844765343,
        0.5848375451263538,
        0.6028880866425993,
        0.48375451263537905
      ],
      "query": [
        0.47653429602888087,
        0.516245487364621,
        0.5703971119133574,
        0.6137184115523465,
        0.628158844765343,
        0.631768953068592,
        0.6425992779783394,
        0.631768953068592,
        0.628158844765343,
        0.628158844765343
      ],
      "key": [
        0.5126353790613718,
        0.4981949458483754,
        0.5740072202166066,
        0.6173285198555957,
        0.6245487364620939,
        0.6353790613718412,
        0.6209386281588448,
        0.631768953068592,
        0.628158844765343,
        0.631768953068592
      ],
      "value": [
        0.4729241877256318,
        0.6173285198555957,
        0.6389891696750902,
        0.6245487364620939,
        0.628158844765343,
        0.6209386281588448,
        0.6209386281588448,
        0.628158844765343,
        0.628158844765343,
        0.6173285198555957
      ],
      "output": [
        0.5379061371841155,
        0.6064981949458483,
        0.5848375451263538,
        0.6028880866425993,
        0.628158844765343,
        0.6209386281588448,
        0.6245487364620939,
        0.628158844765343,
        0.628158844765343,
        0.628158844765343
      ],
      "ffn": [
        0.49097472924187724,
        0.5884476534296029,
        0.5342960288808665,
        0.5595667870036101,
        0.6028880866425993,
        0.5776173285198556,
        0.5992779783393501,
        0.5776173285198556,
        0.5740072202166066,
        0.48375451263537905
      ]
    }
  },
  "epoch2": {
    "control": 0.6570397111913358,
    "ablation": {
      "all": [
        0.5270758122743683,
        0.4729241877256318,
        0.4729241877256318,
        0.6353790613718412,
        0.6534296028880866,
        0.6570397111913358,
        0.6678700361010831,
        0.6425992779783394,
        0.6425992779783394,
        0.5234657039711191
      ],
      "query": [
        0.5342960288808665,
        0.5703971119133574,
        0.631768953068592,
        0.6425992779783394,
        0.6642599277978339,
        0.6570397111913358,
        0.6642599277978339,
        0.6570397111913358,
        0.6606498194945848,
        0.6570397111913358
      ],
      "key": [
        0.5126353790613718,
        0.5234657039711191,
        0.6137184115523465,
        0.6570397111913358,
        0.6534296028880866,
        0.6606498194945848,
        0.6534296028880866,
        0.6642599277978339,
        0.6570397111913358,
        0.6570397111913358
      ],
      "value": [
        0.4729241877256318,
        0.6534296028880866,
        0.6425992779783394,
        0.6425992779783394,
        0.6570397111913358,
        0.6425992779783394,
        0.6570397111913358,
        0.6642599277978339,
        0.6570397111913358,
        0.6642599277978339
      ],
      "output": [
        0.5740072202166066,
        0.6353790613718412,
        0.6425992779783394,
        0.6498194945848376,
        0.6425992779783394,
        0.6425992779783394,
        0.6534296028880866,
        0.6534296028880866,
        0.6534296028880866,
        0.6570397111913358
      ],
      "ffn": [
        0.4729241877256318,
        0.6498194945848376,
        0.6137184115523465,
        0.631768953068592,
        0.6498194945848376,
        0.6425992779783394,
        0.6462093862815884,
        0.6353790613718412,
        0.6389891696750902,
        0.5126353790613718
      ]
    }
  },
  "epoch3": {
    "control": 0.6642599277978339,
    "ablation": {
      "all": [
        0.48736462093862815,
        0.4729241877256318,
        0.49097472924187724,
        0.6534296028880866,
        0.6425992779783394,
        0.6750902527075813,
        0.6462093862815884,
        0.6389891696750902,
        0.6498194945848376,
        0.5956678700361011
      ],
      "query": [
        0.5379061371841155,
        0.5740072202166066,
        0.6714801444043321,
        0.6353790613718412,
        0.6606498194945848,
        0.6425992779783394,
        0.6606498194945848,
        0.6606498194945848,
        0.6642599277978339,
        0.6606498194945848
      ],
      "key": [
        0.5234657039711191,
        0.5812274368231047,
        0.6462093862815884,
        0.6570397111913358,
        0.6534296028880866,
        0.6534296028880866,
        0.6570397111913358,
        0.6678700361010831,
        0.6606498194945848,
        0.6642599277978339
      ],
      "value": [
        0.4729241877256318,
        0.6570397111913358,
        0.6462093862815884,
        0.631768953068592,
        0.6606498194945848,
        0.6462093862815884,
        0.6462093862815884,
        0.6389891696750902,
        0.6353790613718412,
        0.6606498194945848
      ],
      "output": [
        0.5703971119133574,
        0.6534296028880866,
        0.6534296028880866,
        0.6462093862815884,
        0.6462093862815884,
        0.6534296028880866,
        0.6642599277978339,
        0.6606498194945848,
        0.6606498194945848,
        0.6606498194945848
      ],
      "ffn": [
        0.4729241877256318,
        0.6642599277978339,
        0.6606498194945848,
        0.6462093862815884,
        0.628158844765343,
        0.6895306859205776,
        0.6714801444043321,
        0.6570397111913358,
        0.6462093862815884,
        0.5776173285198556
      ]
    }
  },
  "epoch10": {
    "control": 0.6425992779783394,
    "ablation": {
      "all": [
        0.5270758122743683,
        0.4729241877256318,
        0.592057761732852,
        0.6245487364620939,
        0.628158844765343,
        0.6570397111913358,
        0.6209386281588448,
        0.6534296028880866,
        0.6353790613718412,
        0.631768953068592
      ],
      "query": [
        0.555956678700361,
        0.5667870036101083,
        0.6389891696750902,
        0.6425992779783394,
        0.6498194945848376,
        0.6462093862815884,
        0.631768953068592,
        0.6425992779783394,
        0.6462093862815884,
        0.6425992779783394
      ],
      "key": [
        0.5523465703971119,
        0.5703971119133574,
        0.6353790613718412,
        0.6498194945848376,
        0.6462093862815884,
        0.631768953068592,
        0.6425992779783394,
        0.6498194945848376,
        0.6462093862815884,
        0.6425992779783394
      ],
      "value": [
        0.4729241877256318,
        0.6425992779783394,
        0.6353790613718412,
        0.6389891696750902,
        0.6425992779783394,
        0.6209386281588448,
        0.631768953068592,
        0.6209386281588448,
        0.628158844765343,
        0.6353790613718412
      ],
      "output": [
        0.555956678700361,
        0.6498194945848376,
        0.6462093862815884,
        0.6534296028880866,
        0.6425992779783394,
        0.6389891696750902,
        0.6425992779783394,
        0.6462093862815884,
        0.6425992779783394,
        0.6425992779783394
      ],
      "ffn": [
        0.4729241877256318,
        0.6498194945848376,
        0.6606498194945848,
        0.6389891696750902,
        0.6389891696750902,
        0.6498194945848376,
        0.6353790613718412,
        0.6534296028880866,
        0.6353790613718412,
        0.6462093862815884
      ]
    }
  }
}