{
  "epoch1": {
    "control": 0.631768953068592,
    "ablation": {
      "0-3": [
        0.4729241877256318,
        0.6245487364620939,
        0.631768953068592,
        0.6353790613718412,
        0.628158844765343,
        0.6173285198555957,
        0.631768953068592,
        0.6245487364620939,
        0.6209386281588448,
        0.5234657039711191
      ],
      "4-7": [
        0.4729241877256318,
        0.6173285198555957,
        0.6137184115523465,
        0.5956678700361011,
        0.6209386281588448,
        0.628158844765343,
        0.6245487364620939,
        0.6245487364620939,
        0.6173285198555957,
        0.6028880866425993
      ],
      "8-11": [
        0.5812274368231047,
        0.5703971119133574,
        0.5631768953068592,
        0.5487364620938628,
        0.5812274368231047,
        0.5776173285198556,
        0.5956678700361011,
        0.5884476534296029,
        0.5848375451263538,
        0.6209386281588448
      ]
    }
  },
  "epoch2": {
    "control": 0.6570397111913358,
    "ablation": {
      "0-3": [
        0.4729241877256318,
        0.6570397111913358,
        0.6534296028880866,
        0.6498194945848376,
        0.6606498194945848,
        0.6606498194945848,
        0.6787003610108303,
        0.6642599277978339,
        0.6498194945848376,
        0.6064981949458483
      ],
      "4-7": [
        0.4729241877256318,
        0.6498194945848376,
        0.6498194945848376,
        0.6425992779783394,
        0.6534296028880866,
        0.6425992779783394,
        0.6678700361010831,
        0.6462093862815884,
        0.6425992779783394,
        0.6389891696750902
      ],
      "8-11": [
        0.6101083032490975,
        0.628158844765343,
        0.6353790613718412,
        0.6245487364620939,
        0.628158844765343,
        0.6245487364620939,
        0.631768953068592,
        0.6462093862815884,
        0.6425992779783394,
        0.6353790613718412
      ]
    }
  },
  "epoch3": {
    "control": 0.6642599277978339,
    "ablation": {
      "0-3": [
        0.47653429602888087,
        0.6389891696750902,
        0.631768953068592,
        0.6425992779783394,
        0.631768953068592,
        0.6462093862815884,
        0.6642599277978339,
        0.6462093862815884,
        0.6534296028880866,
        0.6353790613718412
      ],
      "4-7": [
        0.4729241877256318,
        0.6714801444043321,
        0.6714801444043321,
        0.6498194945848376,
        0.6389891696750902,
        0.6534296028880866,
        0.6462093862815884,
        0.6462093862815884,
        0.6534296028880866,
        0.6353790613718412
      ],
      "8-11": [
        0.49458483754512633,
        0.6642599277978339,
        0.6678700361010831,
        0.6462093862815884,
        0.6678700361010831,
        0.6714801444043321,
        0.6642599277978339,
        0.6534296028880866,
        0.6570397111913358,
        0.6570397111913358
      ]
    }
  },
  "epoch10": {
    "control": 0.6425992779783394,
    "ablation": {
      "0-3": [
        0.47653429602888087,
        0.6137184115523465,
        0.631768953068592,
        0.6209386281588448,
        0.631768953068592,
        0.6425992779783394,
        0.628158844765343,
        0.6389891696750902,
        0.6425992779783394,
        0.6498194945848376
      ],
      "4-7": [
        0.4729241877256318,
        0.6570397111913358,
        0.6534296028880866,
        0.6534296028880866,
        0.6498194945848376,
        0.6425992779783394,
        0.6498194945848376,
        0.6389891696750902,
        0.6498194945848376,
        0.6462093862815884
      ],
      "8-11": [
        0.4981949458483754,
        0.6570397111913358,
        0.6534296028880866,
        0.6570397111913358,
        0.6534296028880866,
        0.6570397111913358,
        0.6534296028880866,
        0.6534296028880866,
        0.6498194945848376,
        0.631768953068592
      ]
    }
  }
}